{
  "swagger": "2.0",
  "info": {
    "version": "2.0.0",
    "title": "Language Translator"
  },
  "securityDefinitions": {},
  "security": [],
  "basePath": "/language-translator/api",
  "paths": {
    "/v2/translate": {
      "post": {
        "tags": [
          "translate"
        ],
        "operationId": "translatePost",
        "summary": "Translates the input text from the source language to the target language",
        "description": "",
        "consumes": [
          "application/json"
        ],
        "produces": [
          "application/json",
          "text/plain"
        ],
        "parameters": [{
          "name": "body",
          "in": "body",
          "description": "The json request. The JSON must follow the format in the model schema, and must include the text, with optional source, target, and model_id.",
          "required": true,
          "schema": {
            "$ref": "#/definitions/translateRequest"
          }
        }, {
          "name": "accept",
          "in": "header",
          "description": "Describes the format of the return values.",
          "required": false,
          "type": "string",
          "enum": [
            "application/json",
            "text/plain"
          ],
          "default": "text/plain"
        }],
        "responses": {
          "200": {
            "description": "Success",
            "schema": {
              "$ref": "#/definitions/translateResponse"
            }
          },
          "400": {
            "description": "Bad Request: missing required parameter(s)",
            "schema": {
              "$ref": "#/definitions/errorResponse"
            }
          },
          "404": {
            "description": "Model Not Found: the specified model_id does not exist or specified source - target language pair is not supported",
            "schema": {
              "$ref": "#/definitions/errorResponse"
            }
          },
          "500": {
            "description": "Internal Server Error",
            "schema": {
              "$ref": "#/definitions/errorResponse"
            }
          }
        }
      }
    }
  },
  "definitions": {
    "translateRequest": {
      "required": [
        "text"
      ],
      "properties": {
        "model_id": {
          "description": "The unique model_id of the translation model being used to translate text. The model_id inherently specifies source language, target language, and domain. If the model_id is specified, there is no need for the source and target parameters and the values are ignored.",
          "type": "string"
        },
        "source": {
          "description": "Used in combination with target as an alternative way to select the model for translation. When target and source are set, and model_id is not set, the system chooses a default model with the right language pair to translate (usually the model based on the news domain).",
          "type": "string"
        },
        "target": {
          "description": "Used in combination with source as an alternative way to select the model for translation. When target and source are set, and model_id is not set, the system chooses a default model with the right language pair to translate (usually the model based on the news domain).",
          "type": "string"
        },
        "text": {
          "description": "Input text in UTF-8 encoding. It is a list so that multiple sentences/paragraphs can be submitted. Also accept a single string, instead of an array, as valid input.",
          "type": "array",
          "items": {
            "type": "string"
          }
        }
      }
    },
    "translateResponse": {
      "required": [
        "word_count",
        "character_count",
        "translations"
      ],
      "properties": {
        "word_count": {
          "description": "Number of words of the complete input text.",
          "type": "integer"
        },
        "character_count": {
          "description": "Number of characters of the complete input text.",
          "type": "integer"
        },
        "translations": {
          "description": "List of translation output in UTF-8, corresponding to the list of input text.",
          "type": "array",
          "items": {
            "$ref": "#/definitions/translation"
          }
        }
      }
    },
    "translation": {
      "required": [
        "translation"
      ],
      "properties": {
        "translation": {
          "description": "Translation output in UTF-8.",
          "type": "string"
        }
      }
    },
    "errorResponse": {
      "required": [
        "error_code",
        "error_message"
      ],
      "properties": {
        "error_code": {
          "description": "A short identifier for the error.",
          "type": "string"
        },
        "error_message": {
          "description": "A more detailed description of the error.",
          "type": "string"
        }
      }
    }
  }
}
